{"cameraMode":{"drawMode":0,"name":"Shaded","section":"Shading Mode"},"sceneLighting":true,"audioPlay":false,"sceneViewState":{"showFog":true,"showMaterialUpdate":true,"showSkybox":true,"showFlares":true,"showImageEffects":true,"showParticleSystems":true},"in2DMode":false,"pivot":{"x":-53.303531646728519,"y":37.11124038696289,"z":-9.123512268066407},"rotation":{"x":0.31752386689186098,"y":0.5018976926803589,"z":-0.20465606451034547,"w":0.7782652974128723},"size":22.030086517333986,"orthographic":false}