{"cameraMode":{"drawMode":0,"name":"Shaded","section":"Shading Mode"},"sceneLighting":true,"audioPlay":false,"sceneViewState":{"showFog":true,"showMaterialUpdate":false,"showSkybox":true,"showFlares":true,"showImageEffects":true,"showParticleSystems":true},"in2DMode":false,"pivot":{"x":0.9711780548095703,"y":6.049205780029297,"z":-3.296377182006836},"rotation":{"x":-0.02200029045343399,"y":0.9480440616607666,"z":-0.06724300235509873,"w":-0.31017762422561648},"size":10.0,"orthographic":false}